<?xml version="1.0" encoding="UTF-8"?>
<definitions xmlns="http://www.omg.org/spec/BPMN/20100524/MODEL" xmlns:xsi="http://www.w3.org/2001/XMLSchema-instance" xmlns:xsd="http://www.w3.org/2001/XMLSchema" xmlns:activiti="http://activiti.org/bpmn" xmlns:bpmndi="http://www.omg.org/spec/BPMN/20100524/DI" xmlns:omgdc="http://www.omg.org/spec/DD/20100524/DC" xmlns:omgdi="http://www.omg.org/spec/DD/20100524/DI" typeLanguage="http://www.w3.org/2001/XMLSchema" expressionLanguage="http://www.w3.org/1999/XPath" targetNamespace="http://www.activiti.org/processdef">
  <process id="buka" isExecutable="true">
    <startEvent id="sid-5BB70501-200F-43CA-9BAE-A880380CCE1D"></startEvent>
    <userTask id="sid-DF1D5180-39F6-48D1-9242-8A477CFAC22D" name="张三" activiti:assignee="zhangsan"></userTask>
    <userTask id="sid-7DF9CD18-B876-4463-856A-0A9CE18C2A63" name="李四" activiti:assignee="lisi"></userTask>
    <endEvent id="sid-17F4E1FF-54A1-41EB-A5F6-5A3976E78C53"></endEvent>
    <sequenceFlow id="sid-8A85EB8B-0457-4E4D-BDA6-E6DF1C307068" sourceRef="sid-5BB70501-200F-43CA-9BAE-A880380CCE1D" targetRef="sid-DF1D5180-39F6-48D1-9242-8A477CFAC22D"></sequenceFlow>
    <sequenceFlow id="sid-B890CDF6-BCC3-4BFB-B3C0-F558758B3F5C" sourceRef="sid-DF1D5180-39F6-48D1-9242-8A477CFAC22D" targetRef="sid-7DF9CD18-B876-4463-856A-0A9CE18C2A63"></sequenceFlow>
    <sequenceFlow id="sid-3CC97BDE-E089-4F66-A2CC-DAC3B9479DD6" sourceRef="sid-7DF9CD18-B876-4463-856A-0A9CE18C2A63" targetRef="sid-17F4E1FF-54A1-41EB-A5F6-5A3976E78C53"></sequenceFlow>
  </process>
  <bpmndi:BPMNDiagram id="BPMNDiagram_process">
    <bpmndi:BPMNPlane bpmnElement="process" id="BPMNPlane_process">
      <bpmndi:BPMNShape bpmnElement="sid-5BB70501-200F-43CA-9BAE-A880380CCE1D" id="BPMNShape_sid-5BB70501-200F-43CA-9BAE-A880380CCE1D">
        <omgdc:Bounds height="30.0" width="30.0" x="193.5624966849886" y="171.99999702771527"></omgdc:Bounds>
      </bpmndi:BPMNShape>
      <bpmndi:BPMNShape bpmnElement="sid-DF1D5180-39F6-48D1-9242-8A477CFAC22D" id="BPMNShape_sid-DF1D5180-39F6-48D1-9242-8A477CFAC22D">
        <omgdc:Bounds height="80.0" width="100.0" x="344.9999945163731" y="149.99999761581438"></omgdc:Bounds>
      </bpmndi:BPMNShape>
      <bpmndi:BPMNShape bpmnElement="sid-7DF9CD18-B876-4463-856A-0A9CE18C2A63" id="BPMNShape_sid-7DF9CD18-B876-4463-856A-0A9CE18C2A63">
        <omgdc:Bounds height="80.0" width="100.0" x="659.9999895095833" y="149.99999761581438"></omgdc:Bounds>
      </bpmndi:BPMNShape>
      <bpmndi:BPMNShape bpmnElement="sid-17F4E1FF-54A1-41EB-A5F6-5A3976E78C53" id="BPMNShape_sid-17F4E1FF-54A1-41EB-A5F6-5A3976E78C53">
        <omgdc:Bounds height="28.0" width="28.0" x="987.562484080594" y="181.99999688466414"></omgdc:Bounds>
      </bpmndi:BPMNShape>
      <bpmndi:BPMNEdge bpmnElement="sid-B890CDF6-BCC3-4BFB-B3C0-F558758B3F5C" id="BPMNEdge_sid-B890CDF6-BCC3-4BFB-B3C0-F558758B3F5C">
        <omgdi:waypoint x="444.9999945163731" y="189.99999761581438"></omgdi:waypoint>
        <omgdi:waypoint x="659.9999895095833" y="189.99999761581438"></omgdi:waypoint>
      </bpmndi:BPMNEdge>
      <bpmndi:BPMNEdge bpmnElement="sid-3CC97BDE-E089-4F66-A2CC-DAC3B9479DD6" id="BPMNEdge_sid-3CC97BDE-E089-4F66-A2CC-DAC3B9479DD6">
        <omgdi:waypoint x="759.9999895095833" y="191.02893641634114"></omgdi:waypoint>
        <omgdi:waypoint x="987.5654475415437" y="195.71195500491575"></omgdi:waypoint>
      </bpmndi:BPMNEdge>
      <bpmndi:BPMNEdge bpmnElement="sid-8A85EB8B-0457-4E4D-BDA6-E6DF1C307068" id="BPMNEdge_sid-8A85EB8B-0457-4E4D-BDA6-E6DF1C307068">
        <omgdi:waypoint x="223.5624966849886" y="186.99999702771527"></omgdi:waypoint>
        <omgdi:waypoint x="284.28124560068085" y="186.99999702771527"></omgdi:waypoint>
        <omgdi:waypoint x="284.28124560068085" y="189.99999761581438"></omgdi:waypoint>
        <omgdi:waypoint x="344.9999945163731" y="189.99999761581438"></omgdi:waypoint>
      </bpmndi:BPMNEdge>
    </bpmndi:BPMNPlane>
  </bpmndi:BPMNDiagram>
</definitions>